prefix,city_id,province_code,is_rural,weight
H0A,montreal,QC,false,1
H0B,quebec,QC,false,1
H0C,laval,QC,false,1
H0E,gatineau,QC,false,1
H0G,longueuil,QC,false,1
H0H,sherbrooke,QC,false,1
H0J,levis,QC,false,1
H0K,saguenay,QC,false,1
H0L,trois_rivieres,QC,false,1
H0M,terrebonne,QC,false,1
H0N,saint_jean_sur_richelieu,QC,false,1
H0P,brossard,QC,false,1
H0R,repentigny,QC,false,1
H0S,drummondville,QC,false,1
H0T,saint_jerome,QC,false,1
H0V,granby,QC,false,1
H0W,blainville,QC,false,1
H0X,saint_hyacinthe,QC,false,1
H0Y,shawinigan,QC,false,1
H0Z,dollard_des_ormeaux,QC,false,1
H1A,rimouski,QC,false,1
H1B,chateauguay,QC,false,1
H1C,victoriaville,QC,false,1
H1E,rouyn_noranda,QC,false,1
H1G,salaberry_de_valleyfield,QC,false,1
H1H,sorel_tracy,QC,false,1
H1J,joliette,QC,false,1
H1K,mirabel,QC,false,1
H1L,mascouche,QC,false,1
H1M,vaudreuil_dorion,QC,false,1
H1N,alma,QC,false,1
H1P,sept_iles,QC,false,1
H1R,riviere_du_loup,QC,false,1
H1S,val_dor,QC,false,1
H1T,la_tuque,QC,false,1
H1V,baie_comeau,QC,false,1
H1W,magog,QC,false,1
H1X,sainte_julie,QC,false,1
H1Y,beloeil,QC,false,1
H1Z,gaspe,QC,false,1
K0A,toronto,ON,false,1
K0B,ottawa,ON,false,1
K0C,mississauga,ON,false,1
K0E,brampton,ON,false,1
K0G,hamilton,ON,false,1
K0H,london,ON,false,1
K0J,waterloo,ON,false,1
K0K,sudbury,ON,false,1
V0A,vancouver,BC,false,1
V0B,victoria,BC,false,1
V0C,surrey,BC,false,1
V0E,kelowna,BC,false,1
V0G,prince_george,BC,false,1
T0A,calgary,AB,false,1
T0B,edmonton,AB,false,1
T0C,red_deer,AB,false,1
T0E,lethbridge,AB,false,1
R0A,winnipeg,MB,false,1
R0B,brandon,MB,false,1
S0A,saskatoon,SK,false,1
S0B,regina,SK,false,1
E0A,fredericton,NB,false,1
E0B,moncton,NB,false,1
E0C,saint_john,NB,false,1
B0A,halifax,NS,false,1
B0B,sydney,NS,false,1
C0A,charlottetown,PE,false,1
A0A,st_johns,NL,false,1
Y0A,whitehorse,YT,false,1
X0A,yellowknife,NT,false,1
X0G,iqaluit,NU,false,1
