street_type,language,abbreviation,position,weight
rue,fr,rue,prefix,1000
avenue,fr,av.,prefix,650
boulevard,fr,boul.,prefix,620
chemin,fr,ch.,prefix,400
route,fr,rte,prefix,280
rang,fr,rang,prefix,230
montée,fr,montée,prefix,180
place,fr,pl.,prefix,170
terrasse,fr,terr.,prefix,150
croissant,fr,crois.,prefix,140
impasse,fr,imp.,prefix,100
allée,fr,allée,prefix,90
promenade,fr,prom.,prefix,90
côte,fr,côte,prefix,70
autoroute,fr,aut.,prefix,60
carré,fr,carré,prefix,50
Street,en,St.,suffix,1000
Avenue,en,Ave.,suffix,650
Boulevard,en,Blvd.,suffix,500
Road,en,Rd.,suffix,480
Drive,en,Dr.,suffix,420
Lane,en,Ln.,suffix,250
Court,en,Ct.,suffix,220
Crescent,en,Cres.,suffix,210
Highway,en,Hwy.,suffix,150
Trail,en,Trl.,suffix,140
Way,en,Way,suffix,130
Place,en,Pl.,suffix,120
Terrace,en,Terr.,suffix,100
Circle,en,Cir.,suffix,80
Parkway,en,Pkwy.,suffix,70
