family_name,profile,weight
Tremblay,fr_qc,1000
Gagnon,fr_qc,900
Roy,fr_qc,880
Côté,fr_qc,850
Bouchard,fr_qc,820
Gauthier,fr_qc,790
Morin,fr_qc,770
Lavoie,fr_qc,750
Fortin,fr_qc,730
Gagné,fr_qc,710
Ouellet,fr_qc,690
Pelletier,fr_qc,670
Bélanger,fr_qc,650
Lévesque,fr_qc,630
Bergeron,fr_qc,610
Leblanc,fr_qc,590
Paquette,fr_qc,570
Girard,fr_qc,550
Simard,fr_qc,530
Boucher,fr_qc,510
Caron,fr_qc,490
Beaulieu,fr_qc,470
Cloutier,fr_qc,450
Dubé,fr_qc,430
Poirier,fr_qc,410
Fournier,fr_qc,390
Lapointe,fr_qc,370
Leclerc,fr_qc,350
Lefebvre,fr_qc,330
Poulin,fr_qc,310
Martel,fr_qc,300
St-Pierre,fr_qc,290
Grenier,fr_qc,280
Turcotte,fr_qc,270
Lachance,fr_qc,260
Parent,fr_qc,250
Desjardins,fr_qc,240
Hébert,fr_qc,230
Nadeau,fr_qc,220
Landry,fr_qc,210
Lessard,fr_qc,200
Michaud,fr_qc,190
Plante,fr_qc,180
Thibault,fr_qc,170
Renaud,fr_qc,160
Marquis,fr_qc,150
Cormier,fr_qc,140
Vachon,fr_qc,130
Savard,fr_qc,120
Proulx,fr_qc,110
Smith,en_ca,1000
Brown,en_ca,850
Wilson,en_ca,820
Johnson,en_ca,790
Taylor,en_ca,760
Campbell,en_ca,730
Anderson,en_ca,700
Thompson,en_ca,670
White,en_ca,640
Clark,en_ca,610
Lewis,en_ca,580
Walker,en_ca,550
Hall,en_ca,520
Young,en_ca,490
King,en_ca,460
Wright,en_ca,430
Scott,en_ca,400
Green,en_ca,370
Baker,en_ca,340
Adams,en_ca,310
Nelson,en_ca,290
Carter,en_ca,280
Mitchell,en_ca,270
Roberts,en_ca,260
Turner,en_ca,250
Phillips,en_ca,240
Parker,en_ca,230
Evans,en_ca,220
Collins,en_ca,210
Stewart,en_ca,200
Morris,en_ca,190
Murphy,en_ca,180
Cook,en_ca,170
Morgan,en_ca,160
Bell,en_ca,150
Bailey,en_ca,140
Cooper,en_ca,130
Richardson,en_ca,120
Cox,en_ca,110
Howard,en_ca,100
Ward,en_ca,90
O'Connor,en_ca,80
O'Brien,en_ca,70
Nguyen,multicultural,700
Patel,multicultural,650
Singh,multicultural,620
Lee,multicultural,590
Chen,multicultural,560
Wong,multicultural,530
Li,multicultural,500
Kim,multicultural,470
Garcia,multicultural,440
Rodriguez,multicultural,420
Hernandez,multicultural,400
Martinez,multicultural,380
Lopez,multicultural,360
Gonzalez,multicultural,340
Khan,multicultural,320
Ali,multicultural,300
Ahmed,multicultural,280
Mohammed,multicultural,260
Rahman,multicultural,240
Chowdhury,multicultural,220
Tran,multicultural,210
Pham,multicultural,200
Le,multicultural,190
Ho,multicultural,180
Wu,multicultural,170
Liu,multicultural,160
Zhang,multicultural,150
Wang,multicultural,140
Huang,multicultural,130
Zhao,multicultural,120
Park,multicultural,110
Choi,multicultural,100
Sato,multicultural,90
Yamamoto,multicultural,80
Santos,multicultural,75
Silva,multicultural,70
Pereira,multicultural,65
Costa,multicultural,60
Fernandes,multicultural,55
Rossi,multicultural,50
D'Souza,multicultural,45
De Luca,multicultural,40
