first_name,sex,profile,weight
Olivia,F,en_ca,1000
Emma,F,en_ca,970
Charlotte,F,en_ca,940
Amelia,F,en_ca,910
Sophia,F,en_ca,890
Ava,F,en_ca,870
Mia,F,en_ca,850
Isabella,F,en_ca,830
Evelyn,F,en_ca,810
Luna,F,en_ca,790
Harper,F,en_ca,770
Camila,F,en_ca,750
Sofia,F,en_ca,730
Scarlett,F,en_ca,710
Elizabeth,F,en_ca,690
Eleanor,F,en_ca,670
Emily,F,en_ca,650
Chloe,F,en_ca,630
Mila,F,en_ca,610
Violet,F,en_ca,590
Penelope,F,en_ca,570
Gianna,F,en_ca,550
Aria,F,en_ca,530
Abigail,F,en_ca,510
Ella,F,en_ca,490
Avery,F,en_ca,470
Hazel,F,en_ca,450
Nora,F,en_ca,430
Lily,F,en_ca,410
Aurora,F,en_ca,390
Nova,F,en_ca,370
Ellie,F,en_ca,350
Madison,F,en_ca,330
Grace,F,en_ca,310
Isla,F,en_ca,290
Willow,F,en_ca,270
Zoe,F,en_ca,250
Riley,F,en_ca,230
Victoria,F,en_ca,210
Hannah,F,en_ca,190
Liam,M,en_ca,1000
Noah,M,en_ca,970
Oliver,M,en_ca,940
Theodore,M,en_ca,910
James,M,en_ca,890
Henry,M,en_ca,870
Mateo,M,en_ca,850
Elijah,M,en_ca,830
Lucas,M,en_ca,810
William,M,en_ca,790
Benjamin,M,en_ca,770
Levi,M,en_ca,750
Sebastian,M,en_ca,730
Jack,M,en_ca,710
Ezra,M,en_ca,690
Michael,M,en_ca,670
Daniel,M,en_ca,650
Leo,M,en_ca,630
Owen,M,en_ca,610
Samuel,M,en_ca,590
Hudson,M,en_ca,570
Alexander,M,en_ca,550
Asher,M,en_ca,530
Luca,M,en_ca,510
Ethan,M,en_ca,490
John,M,en_ca,470
David,M,en_ca,450
Jackson,M,en_ca,430
Joseph,M,en_ca,410
Mason,M,en_ca,390
Luke,M,en_ca,370
Matthew,M,en_ca,350
Julian,M,en_ca,330
Dylan,M,en_ca,310
Elias,M,en_ca,290
Jacob,M,en_ca,270
Logan,M,en_ca,250
Caleb,M,en_ca,230
Nathan,M,en_ca,210
Ryan,M,en_ca,190
