agency_code,filiale,province_code,city_id,language_profile,weight
AG-PR-001,principal,QC,montreal,fr,300
AG-PR-002,principal,QC,quebec,fr,180
AG-PR-003,principal,QC,gatineau,bilingual,100
AG-PR-004,principal,QC,sherbrooke,fr,90
AG-PR-005,principal,ON,toronto,en,110
AG-PR-006,principal,ON,ottawa,bilingual,80
AG-PR-007,principal,BC,vancouver,en,70
AG-PR-008,principal,AB,calgary,en,70
AG-ON-001,ontario,ON,toronto,en,350
AG-ON-002,ontario,ON,ottawa,bilingual,150
AG-ON-003,ontario,ON,mississauga,en,160
AG-ON-004,ontario,ON,hamilton,en,130
AG-ON-005,ontario,ON,london,en,120
AG-ON-006,ontario,ON,sudbury,bilingual,90
AG-QC-001,quebec,QC,montreal,fr,350
AG-QC-002,quebec,QC,quebec,fr,220
AG-QC-003,quebec,QC,laval,fr,140
AG-QC-004,quebec,QC,longueuil,fr,120
AG-QC-005,quebec,QC,sherbrooke,fr,100
AG-QC-006,quebec,QC,saguenay,fr,70
